{"cameraMode":{"drawMode":0,"name":"Shaded","section":"Shading Mode"},"sceneLighting":true,"audioPlay":false,"sceneViewState":{"m_AlwaysRefresh":false,"showFog":true,"showSkybox":true,"showFlares":true,"showImageEffects":true,"showParticleSystems":true,"showVisualEffectGraphs":true,"m_FxEnabled":true},"in2DMode":false,"pivot":{"x":3.1274969577789308,"y":6.373776912689209,"z":9.346759796142579},"rotation":{"x":-0.017688903957605363,"y":0.9806550741195679,"z":-0.16360493004322053,"w":-0.10602554678916931},"size":0.6052672863006592,"orthographic":false}